<?xml version="1.0" encoding="UTF-8"?>
<project-private xmlns="http://www.netbeans.org/ns/project-private/1">
    <editor-bookmarks xmlns="http://www.netbeans.org/ns/editor-bookmarks/2" lastBookmarkId="0"/>
    <open-files xmlns="http://www.netbeans.org/ns/projectui-open-files/2">
        <group>
            <file>file:/Users/shreyasdasariicloud.com/Desktop/Dasari_Shreyas_002743612_/Airline_Management/src/airline_management/Airline_Management.java</file>
            <file>file:/Users/shreyasdasariicloud.com/Desktop/Dasari_Shreyas_002743612_/Airline_Management/src/airline_management/LoginJFrame.java</file>
            <file>file:/Users/shreyasdasariicloud.com/Desktop/Dasari_Shreyas_002743612_/Airline_Management/src/db/UserDb.java</file>
            <file>file:/Users/shreyasdasariicloud.com/Desktop/Dasari_Shreyas_002743612_/Airline_Management/src/airline_management/SignupJFrame.java</file>
            <file>file:/Users/shreyasdasariicloud.com/Desktop/Dasari_Shreyas_002743612_/Airline_Management/src/db/DbOperations.java</file>
            <file>file:/Users/shreyasdasariicloud.com/Desktop/Dasari_Shreyas_002743612_/Airline_Management/src/airline_management/HomePage.java</file>
        </group>
    </open-files>
</project-private>
