<?xml version="1.0" encoding="UTF-8"?>
<project-private xmlns="http://www.netbeans.org/ns/project-private/1">
    <editor-bookmarks xmlns="http://www.netbeans.org/ns/editor-bookmarks/2" lastBookmarkId="0"/>
    <open-files xmlns="http://www.netbeans.org/ns/projectui-open-files/2">
        <group>
            <file>file:/Users/shreyasdasariicloud.com/Desktop/Dasari_Shreyas_002743612_/Airline_Management/src/airline_management/FlightDetailsProduct.java</file>
            <file>file:/Users/shreyasdasariicloud.com/Desktop/Dasari_Shreyas_002743612_/Airline_Management/src/model/User.java</file>
            <file>file:/Users/shreyasdasariicloud.com/Desktop/Dasari_Shreyas_002743612_/Airline_Management/src/airline_management/LoginEnterprise.java</file>
            <file>file:/Users/shreyasdasariicloud.com/Desktop/Dasari_Shreyas_002743612_/Airline_Management/src/airline_management/BookTicket.java</file>
            <file>file:/Users/shreyasdasariicloud.com/Desktop/Dasari_Shreyas_002743612_/Airline_Management/src/airline_management/EditFlight.java</file>
            <file>file:/Users/shreyasdasariicloud.com/Desktop/Dasari_Shreyas_002743612_/Airline_Management/src/db/DbOperations.java</file>
            <file>file:/Users/shreyasdasariicloud.com/Desktop/Dasari_Shreyas_002743612_/Airline_Management/src/airline_management/Enterprise.java</file>
            <file>file:/Users/shreyasdasariicloud.com/Desktop/Dasari_Shreyas_002743612_/Airline_Management/src/airline_management/ForgotPassword.java</file>
            <file>file:/Users/shreyasdasariicloud.com/Desktop/Dasari_Shreyas_002743612_/Airline_Management/src/airline_management/LoginJFrame.java</file>
            <file>file:/Users/shreyasdasariicloud.com/Desktop/Dasari_Shreyas_002743612_/Airline_Management/src/model/Ticket.java</file>
            <file>file:/Users/shreyasdasariicloud.com/Desktop/Dasari_Shreyas_002743612_/Airline_Management/src/db/UserDb.java</file>
            <file>file:/Users/shreyasdasariicloud.com/Desktop/Dasari_Shreyas_002743612_/Airline_Management/src/common/OpenPDF.java</file>
            <file>file:/Users/shreyasdasariicloud.com/Desktop/Dasari_Shreyas_002743612_/Airline_Management/src/airline_management/SignupJFrame.java</file>
            <file>file:/Users/shreyasdasariicloud.com/Desktop/Dasari_Shreyas_002743612_/Airline_Management/src/airline_management/MedicalEmergency.java</file>
            <file>file:/Users/shreyasdasariicloud.com/Desktop/Dasari_Shreyas_002743612_/Airline_Management/src/airline_management/ChangePassword.java</file>
            <file>file:/Users/shreyasdasariicloud.com/Desktop/Dasari_Shreyas_002743612_/Airline_Management/src/airline_management/FlightCrew.java</file>
            <file>file:/Users/shreyasdasariicloud.com/Desktop/Dasari_Shreyas_002743612_/Airline_Management/src/model/Flight.java</file>
            <file>file:/Users/shreyasdasariicloud.com/Desktop/Dasari_Shreyas_002743612_/Airline_Management/src/db/FlightDetailsDb.java</file>
            <file>file:/Users/shreyasdasariicloud.com/Desktop/Dasari_Shreyas_002743612_/Airline_Management/src/db/FlightDb.java</file>
            <file>file:/Users/shreyasdasariicloud.com/Desktop/Dasari_Shreyas_002743612_/Airline_Management/src/airline_management/ManageFlight.java</file>
            <file>file:/Users/shreyasdasariicloud.com/Desktop/Dasari_Shreyas_002743612_/Airline_Management/src/airline_management/VerifyUser.java</file>
            <file>file:/Users/shreyasdasariicloud.com/Desktop/Dasari_Shreyas_002743612_/Airline_Management/src/db/TicketDb.java</file>
            <file>file:/Users/shreyasdasariicloud.com/Desktop/Dasari_Shreyas_002743612_/Airline_Management/src/airline_management/HomePage.java</file>
            <file>file:/Users/shreyasdasariicloud.com/Desktop/Dasari_Shreyas_002743612_/Airline_Management/src/airline_management/ChangeSecurityQuestion.java</file>
            <file>file:/Users/shreyasdasariicloud.com/Desktop/Dasari_Shreyas_002743612_/Airline_Management/src/db/EnterpriseDb.java</file>
            <file>file:/Users/shreyasdasariicloud.com/Desktop/Dasari_Shreyas_002743612_/Airline_Management/src/model/Enterprise.java</file>
            <file>file:/Users/shreyasdasariicloud.com/Desktop/Dasari_Shreyas_002743612_/Airline_Management/src/airline_management/Airline_Management.java</file>
            <file>file:/Users/shreyasdasariicloud.com/Desktop/Dasari_Shreyas_002743612_/Airline_Management/src/model/FlightDetails.java</file>
            <file>file:/Users/shreyasdasariicloud.com/Desktop/Dasari_Shreyas_002743612_/Airline_Management/src/db/Tables.java</file>
            <file>file:/Users/shreyasdasariicloud.com/Desktop/Dasari_Shreyas_002743612_/Airline_Management/src/airline_management/Security.java</file>
            <file>file:/Users/shreyasdasariicloud.com/Desktop/Dasari_Shreyas_002743612_/Airline_Management/src/airline_management/ViewTicket.java</file>
        </group>
    </open-files>
</project-private>
